Photo ID,Date,Image URL,Caption,Visible
photo_012,18 June 2026,images/MichaelDodgy.jpg,,TRUE
photo_013,11 June 2026,images/edited-Image 21-06-2026 at 15.51.jpg,,TRUE
photo_001,10 June 2026,images/IMG_1426 2.jpg,,TRUE
photo_002,10 June 2026,images/IMG_1426.jpg,,TRUE
photo_003,10 June 2026,images/IMG_1427.jpg,,TRUE
photo_004,21 May 2026,images/IMG_1428.jpg,,TRUE
photo_005,21 May 2026,images/IMG_1429.jpg,,TRUE
photo_006,21 May 2026,images/IMG_1430.jpg,,TRUE
photo_007,21 May 2026,images/IMG_1431.jpg,,TRUE
photo_008,21 May 2026,images/IMG_1432.jpg,,TRUE
photo_009,8 April 2026,images/IMG_1433.jpg,,TRUE
photo_010,8 April 2026,images/IMG_1434.jpg,,TRUE
photo_011,8 April 2026,images/IMG_1435.jpg,,TRUE
photo_014,31 March 2026,images/raptor-kita-case.jpg,,TRUE
photo_015,31 March 2026,images/raptor-rear-plate.jpg,,TRUE
photo_016,12 February 2026,images/raptor-side.jpg,,TRUE
photo_017,12 February 2026,images/raptor-sound-f45.jpg,,TRUE
photo_018,8 January 2026,images/raptor-sound-r45.jpg,,TRUE
photo_019,8 January 2026,images/raptor-sound-tr45.jpg,,TRUE
photo_020,8 January 2026,images/raptor-top-rear-bars.jpg,,TRUE